<?xml version="1.0" encoding="US-ASCII"?>
<l:l10n xmlns:l="http://docbook.sourceforge.net/xmlns/l10n/1.0" language="es">

<!-- This file is generated automatically. -->
<!-- Do not edit this file by hand! -->
<!-- See http://docbook.sourceforge.net/ -->
<!-- To update this file: edit the corresponding document at -->
<!-- http://cvs.sourceforge.net/cgi-bin/viewcvs.cgi/docbook/gentext/locale/ -->

   <l:gentext key="Abstract" text="Resumen"/>
   <l:gentext key="abstract" text="Resumen"/>
   <l:gentext key="Answer" text="R:"/>
   <l:gentext key="answer" text="R:"/>
   <l:gentext key="Appendix" text="Ap&#233;ndice"/>
   <l:gentext key="appendix" text="ap&#233;ndice"/>
   <l:gentext key="Article" text="Art&#237;culo"/>
   <l:gentext key="article" text="Art&#237;culo"/>
   <l:gentext key="Bibliography" text="Bibliograf&#237;a"/>
   <l:gentext key="bibliography" text="Bibliograf&#237;a"/>
   <l:gentext key="Book" text="Libro"/>
   <l:gentext key="book" text="Libro"/>
   <l:gentext key="Caution" text="Atenci&#243;n"/>
   <l:gentext key="caution" text="Atenci&#243;n"/>
   <l:gentext key="CAUTION" text="ATENCI&#211;N"/>
   <l:gentext key="Chapter" text="Cap&#237;tulo"/>
   <l:gentext key="chapter" text="cap&#237;tulo"/>
   <l:gentext key="Colophon" text="Colophon"/>
   <l:gentext key="colophon" text="Colophon"/>
   <l:gentext key="Copyright" text="Copyright"/>
   <l:gentext key="copyright" text="Copyright"/>
   <l:gentext key="Dedication" text="Dedicado"/>
   <l:gentext key="dedication" text="Dedicado"/>
   <l:gentext key="Edition" text="Edici&#243;n"/>
   <l:gentext key="edition" text="Edici&#243;n"/>
   <l:gentext key="Equation" text="Ecuaci&#243;n"/>
   <l:gentext key="equation" text="Ecuaci&#243;n"/>
   <l:gentext key="Example" text="Ejemplo"/>
   <l:gentext key="example" text="Ejemplo"/>
   <l:gentext key="Figure" text="Figura"/>
   <l:gentext key="figure" text="Figura"/>
   <l:gentext key="Glossary" text="Glosario"/>
   <l:gentext key="glossary" text="Glosario"/>
   <l:gentext key="GlossSee" text="Ver"/>
   <l:gentext key="glosssee" text="Ver"/>
   <l:gentext key="GlossSeeAlso" text="Ver tambi&#233;n"/>
   <l:gentext key="glossseealso" text="Ver tambi&#233;n"/>
   <l:gentext key="IMPORTANT" text="IMPORTANTE"/>
   <l:gentext key="Important" text="Importante"/>
   <l:gentext key="important" text="Importante"/>
   <l:gentext key="Index" text="&#205;ndice"/>
   <l:gentext key="index" text="&#205;ndice"/>
   <l:gentext key="ISBN" text="ISBN"/>
   <l:gentext key="isbn" text="ISBN"/>
   <l:gentext key="LegalNotice" text="Aviso Legal"/>
   <l:gentext key="legalnotice" text="Aviso Legal"/>
   <l:gentext key="MsgAud" text="Audiencia"/>
   <l:gentext key="msgaud" text="Audiencia"/>
   <l:gentext key="MsgLevel" text="Nivel"/>
   <l:gentext key="msglevel" text="Nivel"/>
   <l:gentext key="MsgOrig" text="Origen"/>
   <l:gentext key="msgorig" text="Origen"/>
   <l:gentext key="note" text="Nota"/>
   <l:gentext key="NOTE" text="NOTA"/>
   <l:gentext key="Note" text="Nota"/>
   <l:gentext key="part" text="Parte"/>
   <l:gentext key="Part" text="Parte"/>
   <l:gentext key="Preface" text="Prefacio"/>
   <l:gentext key="preface" text="Prefacio"/>
   <l:gentext key="Procedure" text="Procedimiento"/>
   <l:gentext key="procedure" text="Procedimiento"/>
   <l:gentext key="ProductionSet" text="Producci&#243;n"/>
   <l:gentext key="PubDate" text="Fecha de publicaci&#243;n"/>
   <l:gentext key="pubdate" text="Fecha de publicaci&#243;n"/>
   <l:gentext key="Published" text="Publicado"/>
   <l:gentext key="published" text="Publicado"/>
   <l:gentext key="Question" text="P:"/>
   <l:gentext key="question" text="P:"/>
   <l:gentext key="RefEntry" text=""/>
   <l:gentext key="refentry" text=""/>
   <l:gentext key="Reference" text="Referencia"/>
   <l:gentext key="reference" text="Referencia"/>
   <l:gentext key="RefName" text="Nombre"/>
   <l:gentext key="refname" text="Nombre"/>
   <l:gentext key="RefSection" text=""/>
   <l:gentext key="refsection" text=""/>
   <l:gentext key="RefSynopsisDiv" text="Synopsis"/>
   <l:gentext key="refsynopsisdiv" text="Synopsis"/>
   <l:gentext key="RevHistory" text="Historial de revisiones"/>
   <l:gentext key="revhistory" text="Historial de revisiones"/>
   <l:gentext key="revision" text="Revisi&#243;n"/>
   <l:gentext key="Revision" text="Revisi&#243;n"/>
   <l:gentext key="Section" text="Secci&#243;n"/>
   <l:gentext key="section" text="secci&#243;n"/>
   <l:gentext key="See" text="Ver"/>
   <l:gentext key="see" text="Ver"/>
   <l:gentext key="seealso" text="Ver Tambi&#233;n"/>
   <l:gentext key="SeeAlso" text="Ver Tambi&#233;n"/>
   <l:gentext key="Seealso" text="Ver Tambi&#233;n"/>
   <l:gentext key="Set" text="Conjunto"/>
   <l:gentext key="set" text="Conjunto"/>
   <l:gentext key="SetIndex" text="&#205;ndice del conjunto"/>
   <l:gentext key="setindex" text="&#205;ndice del conjunto"/>
   <l:gentext key="sidebar" text="sidebar"/>
   <l:gentext key="Sidebar" text="Sidebar"/>
   <l:gentext key="Step" text="Paso"/>
   <l:gentext key="step" text="paso"/>
   <l:gentext key="table" text="Tabla"/>
   <l:gentext key="Table" text="Tabla"/>
   <l:gentext key="TIP" text="SUGERENCIA"/>
   <l:gentext key="Tip" text="Sugerencia"/>
   <l:gentext key="tip" text="Sugerencia"/>
   <l:gentext key="warning" text="Aviso"/>
   <l:gentext key="WARNING" text="AVISO"/>
   <l:gentext key="Warning" text="Aviso"/>
   <l:gentext key="and" text="y"/>
   <l:gentext key="by" text="por"/>
   <l:gentext key="Edited" text="Editado"/>
   <l:gentext key="edited" text="Editado"/>
   <l:gentext key="Editedby" text="Editado por"/>
   <l:gentext key="editedby" text="Editado por"/>
   <l:gentext key="in" text="en"/>
   <l:gentext key="lastlistcomma" text=","/>
   <l:gentext key="listcomma" text=","/>
   <l:gentext key="nonexistantelement" text="elemento inexistente"/>
   <l:gentext key="notes" text="Notas"/>
   <l:gentext key="Notes" text="Notas"/>
   <l:gentext key="Pgs" text="Pags."/>
   <l:gentext key="pgs" text="Pags."/>
   <l:gentext key="Revisedby" text="Revisado por: "/>
   <l:gentext key="revisedby" text="Revisado por: "/>
   <l:gentext key="TableNotes" text="Notas"/>
   <l:gentext key="tablenotes" text="Notas"/>
   <l:gentext key="TableofContents" text="Tabla de contenidos"/>
   <l:gentext key="tableofcontents" text="Tabla de contenidos"/>
   <l:gentext key="unexpectedelementname" text="Nombre de elemento inesperado"/>
   <l:gentext key="unsupported" text="no soportado"/>
   <l:gentext key="xrefto" text="referido a"/>
   <l:gentext key="listofequations" text="Tabla de ecuaciones"/>
   <l:gentext key="ListofEquations" text="Tabla de ecuaciones"/>
   <l:gentext key="ListofExamples" text="Tabla de ejemplos"/>
   <l:gentext key="listofexamples" text="Tabla de ejemplos"/>
   <l:gentext key="ListofFigures" text="Tabla de figuras"/>
   <l:gentext key="listoffigures" text="Tabla de figuras"/>
   <l:gentext key="listoftables" text="Lista de tablas"/>
   <l:gentext key="ListofTables" text="Lista de tablas"/>
   <l:gentext key="ListofUnknown" text="Lista de ???"/>
   <l:gentext key="listofunknown" text="Lista de ???"/>
   <l:gentext key="nav-home" text="Inicio"/>
   <l:gentext key="nav-next" text="Siguiente"/>
   <l:gentext key="nav-next-sibling" text="Avanzar"/>
   <l:gentext key="nav-prev" text="Anterior"/>
   <l:gentext key="nav-prev-sibling" text="Retroceder"/>
   <l:gentext key="nav-up" text="Subir"/>
   <l:gentext key="index symbols" text="S&#237;mbolos"/>
   <l:gentext key="sectioncalled" text="la secci&#243;n llamada"/>
   <l:dingbat key="startquote" text="&#8220;"/>
   <l:dingbat key="endquote" text="&#8221;"/>
   <l:dingbat key="nestedstartquote" text="&#8216;"/>
   <l:dingbat key="nestedendquote" text="&#8217;"/>
   <l:dingbat key="bullet" text="&#8226;"/>

   <l:context name="title">
      <l:template name="abstract" text="%t"/>
      <l:template name="answer" text="%t"/>
      <l:template name="appendix" text="Ap&#233;ndice %n. %t"/>
      <l:template name="article" text="%t"/>
      <l:template name="authorblurb" text="%t"/>
      <l:template name="bibliodiv" text="%t"/>
      <l:template name="biblioentry" text="%t"/>
      <l:template name="bibliography" text="%t"/>
      <l:template name="bibliomixed" text="%t"/>
      <l:template name="bibliomset" text="%t"/>
      <l:template name="biblioset" text="%t"/>
      <l:template name="blockquote" text="%t"/>
      <l:template name="book" text="%t"/>
      <l:template name="calloutlist" text="%t"/>
      <l:template name="caution" text="%t"/>
      <l:template name="chapter" text="Cap&#237;tulo %n. %t"/>
      <l:template name="colophon" text="%t"/>
      <l:template name="dedication" text="%t"/>
      <l:template name="equation" text="Ecuaci&#243;n %n. %t"/>
      <l:template name="example" text="Ejemplo %n. %t"/>
      <l:template name="figure" text="Figura %n. %t"/>
      <l:template name="formalpara" text="%t"/>
      <l:template name="glossary" text="%t"/>
      <l:template name="glossdiv" text="%t"/>
      <l:template name="important" text="%t"/>
      <l:template name="index" text="%t"/>
      <l:template name="indexdiv" text="%t"/>
      <l:template name="itemizedlist" text="%t"/>
      <l:template name="legalnotice" text="%t"/>
      <l:template name="listitem" text=""/>
      <l:template name="lot" text="%t"/>
      <l:template name="msg" text="%t"/>
      <l:template name="msgexplan" text="%t"/>
      <l:template name="msgmain" text="%t"/>
      <l:template name="msgrel" text="%t"/>
      <l:template name="msgset" text="%t"/>
      <l:template name="msgsub" text="%t"/>
      <l:template name="note" text="%t"/>
      <l:template name="orderedlist" text="%t"/>
      <l:template name="part" text="Parte %n. %t"/>
      <l:template name="partintro" text="%t"/>
      <l:template name="preface" text="%t"/>
      <l:template name="procedure" text="%t"/>
      <l:template name="procedure.formal" text="Procedimiento %n. %t"/>
      <l:template name="productionset" text="%t"/>
      <l:template name="productionset.formal" text="Producci&#243;n %n"/>
      <l:template name="qandadiv" text="%t"/>
      <l:template name="qandaentry" text="%t"/>
      <l:template name="qandaset" text="%t"/>
      <l:template name="question" text="%t"/>
      <l:template name="reference" text="%t"/>
      <l:template name="refsect1" text="%t"/>
      <l:template name="refsect2" text="%t"/>
      <l:template name="refsect3" text="%t"/>
      <l:template name="refsynopsisdiv" text="%t"/>
      <l:template name="refsynopsisdivinfo" text="%t"/>
      <l:template name="segmentedlist" text="%t"/>
      <l:template name="set" text="%t"/>
      <l:template name="setindex" text="%t"/>
      <l:template name="sidebar" text="%t"/>
      <l:template name="step" text="%t"/>
      <l:template name="table" text="Tabla %n. %t"/>
      <l:template name="tip" text="%t"/>
      <l:template name="toc" text="%t"/>
      <l:template name="variablelist" text="%t"/>
      <l:template name="warning" text="%t"/>
   </l:context>

   <l:context name="title-unnumbered">
      <l:template name="appendix" text="%t"/>
      <l:template name="bridgehead" text="%t"/>
      <l:template name="chapter" text="%t"/>
      <l:template name="sect1" text="%t"/>
      <l:template name="sect2" text="%t"/>
      <l:template name="sect3" text="%t"/>
      <l:template name="sect4" text="%t"/>
      <l:template name="sect5" text="%t"/>
      <l:template name="section" text="%t"/>
      <l:template name="simplesect" text="%t"/>
   </l:context>

   <l:context name="title-numbered">
      <l:template name="appendix" text="Ap&#233;ndice %n. %t"/>
      <l:template name="bridgehead" text="%n. %t"/>
      <l:template name="chapter" text="Cap&#237;tulo %n. %t"/>
      <l:template name="sect1" text="%n. %t"/>
      <l:template name="sect2" text="%n. %t"/>
      <l:template name="sect3" text="%n. %t"/>
      <l:template name="sect4" text="%n. %t"/>
      <l:template name="sect5" text="%n. %t"/>
      <l:template name="section" text="%n. %t"/>
      <l:template name="simplesect" text="%t"/>
   </l:context>

   <l:context name="subtitle">
      <l:template name="appendix" text="%s"/>
      <l:template name="article" text="%s"/>
      <l:template name="bibliodiv" text="%s"/>
      <l:template name="biblioentry" text="%s"/>
      <l:template name="bibliography" text="%s"/>
      <l:template name="bibliomixed" text="%s"/>
      <l:template name="bibliomset" text="%s"/>
      <l:template name="biblioset" text="%s"/>
      <l:template name="book" text="%s"/>
      <l:template name="chapter" text="%s"/>
      <l:template name="colophon" text="%s"/>
      <l:template name="dedication" text="%s"/>
      <l:template name="glossary" text="%s"/>
      <l:template name="glossdiv" text="%s"/>
      <l:template name="index" text="%s"/>
      <l:template name="indexdiv" text="%s"/>
      <l:template name="lot" text="%s"/>
      <l:template name="part" text="%s"/>
      <l:template name="partintro" text="%s"/>
      <l:template name="preface" text="%s"/>
      <l:template name="refentry" text="%s"/>
      <l:template name="reference" text="%s"/>
      <l:template name="refsect1" text="%s"/>
      <l:template name="refsect2" text="%s"/>
      <l:template name="refsect3" text="%s"/>
      <l:template name="refsynopsisdiv" text="%s"/>
      <l:template name="sect1" text="%s"/>
      <l:template name="sect2" text="%s"/>
      <l:template name="sect3" text="%s"/>
      <l:template name="sect4" text="%s"/>
      <l:template name="sect5" text="%s"/>
      <l:template name="section" text="%s"/>
      <l:template name="set" text="%s"/>
      <l:template name="setindex" text="%s"/>
      <l:template name="sidebar" text="%s"/>
      <l:template name="simplesect" text="%s"/>
      <l:template name="toc" text="%s"/>
   </l:context>

   <l:context name="xref">
      <l:template name="answer" text="R: %n"/>
      <l:template name="appendix" text="Ap&#233;ndice %n. %t"/>
      <l:template name="article" text="%t"/>
      <l:template name="bibliography" text="%t"/>
      <l:template name="book" text="%t"/>
      <l:template name="chapter" text="Cap&#237;tulo %n. %t"/>
      <l:template name="colophon" text="%t"/>
      <l:template name="dedication" text="%t"/>
      <l:template name="equation" text="Ecuaci&#243;n %n"/>
      <l:template name="example" text="Ejemplo %n. %t"/>
      <l:template name="figure" text="Figura %n. %t"/>
      <l:template name="glossary" text="%t"/>
      <l:template name="index" text="%t"/>
      <l:template name="listitem" text="%n"/>
      <l:template name="part" text="Parte %n. %t"/>
      <l:template name="preface" text="%t"/>
      <l:template name="procedure" text="Procedimiento %n"/>
      <l:template name="qandadiv" text="%t"/>
      <l:template name="qandaentry" text="P: %n"/>
      <l:template name="qandaset" text="%t"/>
      <l:template name="question" text="P: %n"/>
      <l:template name="reference" text="%t"/>
      <l:template name="set" text="%t"/>
      <l:template name="setindex" text="%t"/>
      <l:template name="table" text="Tabla %n. %t"/>
   </l:context>

   <l:context name="section-xref">
      <l:template name="bridgehead" text="&#8220;%t&#8221;"/>
      <l:template name="sect1" text="&#8220;%t&#8221;"/>
      <l:template name="sect2" text="&#8220;%t&#8221;"/>
      <l:template name="sect3" text="&#8220;%t&#8221;"/>
      <l:template name="sect4" text="&#8220;%t&#8221;"/>
      <l:template name="sect5" text="&#8220;%t&#8221;"/>
      <l:template name="section" text="&#8220;%t&#8221;"/>
      <l:template name="simplesect" text="&#8220;%t&#8221;"/>
   </l:context>

   <l:context name="section-xref-numbered">
      <l:template name="bridgehead" text="Secci&#243;n %n"/>
      <l:template name="sect1" text="Secci&#243;n %n"/>
      <l:template name="sect2" text="Secci&#243;n %n"/>
      <l:template name="sect3" text="Secci&#243;n %n"/>
      <l:template name="sect4" text="Secci&#243;n %n"/>
      <l:template name="sect5" text="Secci&#243;n %n"/>
      <l:template name="section" text="Secci&#243;n %n"/>
      <l:template name="simplesect" text="&#8220;%t&#8221;"/>
   </l:context>

   <l:context name="authorgroup">
      <l:template name="sep" text=", "/>
      <l:template name="sep2" text=" y "/>
      <l:template name="seplast" text=", y "/>
   </l:context>

   <l:context name="glossary">
      <l:template name="see" text="Ver "/>
      <l:template name="seealso" text="Ver tambi&#233;n "/>
   </l:context>

   <l:context name="msgset">
      <l:template name="MsgAud" text="Audiencia: "/>
      <l:template name="MsgLevel" text="Nivel: "/>
      <l:template name="MsgOrig" text="Origen: "/>
   </l:context>
</l:l10n>
