<?xml version="1.0" encoding="US-ASCII"?>
<l:l10n xmlns:l="http://docbook.sourceforge.net/xmlns/l10n/1.0" language="ru">

<!-- This file is generated automatically. -->
<!-- Do not edit this file by hand! -->
<!-- See http://docbook.sourceforge.net/ -->
<!-- To update this file: edit the corresponding document at -->
<!-- http://cvs.sourceforge.net/cgi-bin/viewcvs.cgi/docbook/gentext/locale/ -->

   <l:gentext key="Abstract" text="&#1040;&#1085;&#1085;&#1086;&#1090;&#1072;&#1094;&#1080;&#1103;"/>
   <l:gentext key="abstract" text="&#1040;&#1085;&#1085;&#1086;&#1090;&#1072;&#1094;&#1080;&#1103;"/>
   <l:gentext key="Answer" text="A:"/>
   <l:gentext key="answer" text="A:"/>
   <l:gentext key="Appendix" text="&#1055;&#1088;&#1080;&#1083;&#1086;&#1078;&#1077;&#1085;&#1080;&#1077;"/>
   <l:gentext key="appendix" text="&#1087;&#1088;&#1080;&#1083;&#1086;&#1078;&#1077;&#1085;&#1080;&#1077;"/>
   <l:gentext key="Appendix.abr" text="&#1055;&#1088;&#1080;&#1083;."/>
   <l:gentext key="appendix.abr" text="&#1055;&#1088;&#1080;&#1083;."/>
   <l:gentext key="Article" text="&#1057;&#1090;&#1072;&#1090;&#1100;&#1103;"/>
   <l:gentext key="article" text="&#1057;&#1090;&#1072;&#1090;&#1100;&#1103;"/>
   <l:gentext key="Audience" text="&#1040;&#1091;&#1076;&#1080;&#1090;&#1086;&#1088;&#1080;&#1103;"/>
   <l:gentext key="audience" text="&#1040;&#1091;&#1076;&#1080;&#1090;&#1086;&#1088;&#1080;&#1103;"/>
   <l:gentext key="Bibliography" text="&#1051;&#1080;&#1090;&#1077;&#1088;&#1072;&#1090;&#1091;&#1088;&#1072;"/>
   <l:gentext key="bibliography" text="&#1051;&#1080;&#1090;&#1077;&#1088;&#1072;&#1090;&#1091;&#1088;&#1072;"/>
   <l:gentext key="Book" text="&#1050;&#1085;&#1080;&#1075;&#1072;"/>
   <l:gentext key="book" text="&#1050;&#1085;&#1080;&#1075;&#1072;"/>
   <l:gentext key="Caution" text="&#1055;&#1088;&#1077;&#1076;&#1086;&#1089;&#1090;&#1077;&#1088;&#1077;&#1078;&#1077;&#1085;&#1080;&#1077;"/>
   <l:gentext key="caution" text="&#1055;&#1088;&#1077;&#1076;&#1086;&#1089;&#1090;&#1077;&#1088;&#1077;&#1078;&#1077;&#1085;&#1080;&#1077;"/>
   <l:gentext key="CAUTION" text="&#1055;&#1056;&#1045;&#1044;&#1054;&#1057;&#1058;&#1045;&#1056;&#1045;&#1046;&#1045;&#1053;&#1048;&#1045;"/>
   <l:gentext key="Chapter" text="&#1043;&#1083;&#1072;&#1074;&#1072;"/>
   <l:gentext key="chapter" text="&#1075;&#1083;&#1072;&#1074;&#1072;"/>
   <l:gentext key="Chapter.abr" text="&#1043;&#1083;."/>
   <l:gentext key="chapter.abr" text="&#1043;&#1083;."/>
   <l:gentext key="Colophon" text="Colophon"/>
   <l:gentext key="colophon" text="Colophon"/>
   <l:gentext key="Copyright" text="Copyright"/>
   <l:gentext key="copyright" text="Copyright"/>
   <l:gentext key="Dedication" text="&#1055;&#1086;&#1089;&#1074;&#1103;&#1097;&#1077;&#1085;&#1080;&#1077;"/>
   <l:gentext key="dedication" text="&#1055;&#1086;&#1089;&#1074;&#1103;&#1097;&#1077;&#1085;&#1080;&#1077;"/>
   <l:gentext key="Edition" text="&#1056;&#1077;&#1076;&#1072;&#1082;&#1094;&#1080;&#1103;"/>
   <l:gentext key="edition" text="&#1056;&#1077;&#1076;&#1072;&#1082;&#1094;&#1080;&#1103;"/>
   <l:gentext key="Equation" text="&#1060;&#1086;&#1088;&#1084;&#1091;&#1083;&#1072;"/>
   <l:gentext key="equation" text="&#1060;&#1086;&#1088;&#1084;&#1091;&#1083;&#1072;"/>
   <l:gentext key="Equation.abr" text="&#1060;."/>
   <l:gentext key="equation.abr" text="&#1060;."/>
   <l:gentext key="Example" text="&#1055;&#1088;&#1080;&#1084;&#1077;&#1088;"/>
   <l:gentext key="example" text="&#1055;&#1088;&#1080;&#1084;&#1077;&#1088;"/>
   <l:gentext key="Example.abr" text="&#1055;&#1088;&#1080;&#1084;."/>
   <l:gentext key="example.abr" text="&#1055;&#1088;&#1080;&#1084;."/>
   <l:gentext key="Figure" text="&#1056;&#1080;&#1089;&#1091;&#1085;&#1086;&#1082;"/>
   <l:gentext key="figure" text="&#1056;&#1080;&#1089;&#1091;&#1085;&#1086;&#1082;"/>
   <l:gentext key="Figure.abr" text="&#1056;&#1080;&#1089;."/>
   <l:gentext key="figure.abr" text="&#1056;&#1080;&#1089;."/>
   <l:gentext key="Glossary" text="&#1043;&#1083;&#1086;&#1089;&#1089;&#1072;&#1088;&#1080;&#1081;"/>
   <l:gentext key="glossary" text="&#1043;&#1083;&#1086;&#1089;&#1089;&#1072;&#1088;&#1080;&#1081;"/>
   <l:gentext key="GlossSee" text="See"/>
   <l:gentext key="glosssee" text="See"/>
   <l:gentext key="GlossSeeAlso" text="See Also"/>
   <l:gentext key="glossseealso" text="See Also"/>
   <l:gentext key="Important" text="&#1042;&#1072;&#1078;&#1085;&#1086;"/>
   <l:gentext key="important" text="&#1042;&#1072;&#1078;&#1085;&#1086;"/>
   <l:gentext key="IMPORTANT" text="&#1042;&#1040;&#1046;&#1053;&#1054;"/>
   <l:gentext key="Index" text="&#1055;&#1088;&#1077;&#1076;&#1084;&#1077;&#1090;&#1085;&#1099;&#1081; &#1091;&#1082;&#1072;&#1079;&#1072;&#1090;&#1077;&#1083;&#1100;"/>
   <l:gentext key="index" text="&#1055;&#1088;&#1077;&#1076;&#1084;&#1077;&#1090;&#1085;&#1099;&#1081; &#1091;&#1082;&#1072;&#1079;&#1072;&#1090;&#1077;&#1083;&#1100;"/>
   <l:gentext key="ISBN" text="ISBN"/>
   <l:gentext key="isbn" text="ISBN"/>
   <l:gentext key="legalnotice" text="&#1040;&#1074;&#1090;&#1086;&#1088;&#1089;&#1082;&#1080;&#1077; &#1087;&#1088;&#1072;&#1074;&#1072;"/>
   <l:gentext key="LegalNotice" text="&#1040;&#1074;&#1090;&#1086;&#1088;&#1089;&#1082;&#1080;&#1077; &#1087;&#1088;&#1072;&#1074;&#1072;"/>
   <l:gentext key="Level" text="&#1059;&#1088;&#1086;&#1074;&#1077;&#1085;&#1100;"/>
   <l:gentext key="level" text="&#1059;&#1088;&#1086;&#1074;&#1077;&#1085;&#1100;"/>
   <l:gentext key="MsgAud" text="Audience"/>
   <l:gentext key="msgaud" text="Audience"/>
   <l:gentext key="MsgLevel" text="Level"/>
   <l:gentext key="msglevel" text="Level"/>
   <l:gentext key="MsgOrig" text="Origin"/>
   <l:gentext key="msgorig" text="Origin"/>
   <l:gentext key="name" text="&#1048;&#1084;&#1103;"/>
   <l:gentext key="Name" text="&#1048;&#1084;&#1103;"/>
   <l:gentext key="Note" text="&#1047;&#1072;&#1084;&#1077;&#1095;&#1072;&#1085;&#1080;&#1077;"/>
   <l:gentext key="note" text="&#1047;&#1072;&#1084;&#1077;&#1095;&#1072;&#1085;&#1080;&#1077;"/>
   <l:gentext key="NOTE" text="&#1047;&#1040;&#1052;&#1045;&#1063;&#1040;&#1053;&#1048;&#1045;"/>
   <l:gentext key="Origin" text="&#1048;&#1089;&#1090;&#1086;&#1095;&#1085;&#1080;&#1082;"/>
   <l:gentext key="origin" text="&#1048;&#1089;&#1090;&#1086;&#1095;&#1085;&#1080;&#1082;"/>
   <l:gentext key="Part" text="&#1063;&#1072;&#1089;&#1090;&#1100;"/>
   <l:gentext key="part" text="&#1063;&#1072;&#1089;&#1090;&#1100;"/>
   <l:gentext key="Part.abr" text="&#1063;."/>
   <l:gentext key="part.abr" text="&#1063;."/>
   <l:gentext key="Preface" text="&#1055;&#1088;&#1077;&#1076;&#1080;&#1089;&#1083;&#1086;&#1074;&#1080;&#1077;"/>
   <l:gentext key="preface" text="&#1055;&#1088;&#1077;&#1076;&#1080;&#1089;&#1083;&#1086;&#1074;&#1080;&#1077;"/>
   <l:gentext key="Procedure" text="&#1055;&#1088;&#1086;&#1094;&#1077;&#1076;&#1091;&#1088;&#1072;"/>
   <l:gentext key="procedure" text="&#1055;&#1088;&#1086;&#1094;&#1077;&#1076;&#1091;&#1088;&#1072;"/>
   <l:gentext key="Procedure.abr" text="&#1055;&#1088;&#1086;&#1094;."/>
   <l:gentext key="procedure.abr" text="&#1055;&#1088;&#1086;&#1094;."/>
   <l:gentext key="Published" text="&#1054;&#1087;&#1091;&#1073;&#1083;&#1080;&#1082;&#1086;&#1074;&#1072;&#1085;&#1086;"/>
   <l:gentext key="published" text="&#1054;&#1087;&#1091;&#1073;&#1083;&#1080;&#1082;&#1086;&#1074;&#1072;&#1085;&#1086;"/>
   <l:gentext key="Question" text="Q:"/>
   <l:gentext key="question" text="Q:"/>
   <l:gentext key="RefEntry" text=""/>
   <l:gentext key="refentry" text=""/>
   <l:gentext key="Reference" text="&#1057;&#1089;&#1099;&#1083;&#1082;&#1072;"/>
   <l:gentext key="reference" text="&#1057;&#1089;&#1099;&#1083;&#1082;&#1072;"/>
   <l:gentext key="RefName" text="Name"/>
   <l:gentext key="refname" text="Name"/>
   <l:gentext key="RefSection" text=""/>
   <l:gentext key="refsection" text=""/>
   <l:gentext key="RefSynopsisDiv" text="Synopsis"/>
   <l:gentext key="refsynopsisdiv" text="Synopsis"/>
   <l:gentext key="RevHistory" text="&#1048;&#1089;&#1090;&#1086;&#1088;&#1080;&#1103; &#1087;&#1077;&#1088;&#1077;&#1080;&#1079;&#1076;&#1072;&#1085;&#1080;&#1103;"/>
   <l:gentext key="revhistory" text="&#1048;&#1089;&#1090;&#1086;&#1088;&#1080;&#1103; &#1087;&#1077;&#1088;&#1077;&#1080;&#1079;&#1076;&#1072;&#1085;&#1080;&#1103;"/>
   <l:gentext key="Revision" text="&#1048;&#1079;&#1076;&#1072;&#1085;&#1080;&#1077;"/>
   <l:gentext key="revision" text="&#1048;&#1079;&#1076;&#1072;&#1085;&#1080;&#1077;"/>
   <l:gentext key="Section" text="&#1056;&#1072;&#1079;&#1076;&#1077;&#1083;"/>
   <l:gentext key="section" text="&#1088;&#1072;&#1079;&#1076;&#1077;&#1083;"/>
   <l:gentext key="section.abr" text="&#1056;&#1072;&#1079;&#1076;."/>
   <l:gentext key="Section.abr" text="&#1056;&#1072;&#1079;&#1076;."/>
   <l:gentext key="See" text="&#1057;&#1084;."/>
   <l:gentext key="see" text="&#1057;&#1084;."/>
   <l:gentext key="SeeAlso" text="&#1057;&#1084;. &#1090;&#1072;&#1082;&#1078;&#1077;"/>
   <l:gentext key="seealso" text="&#1057;&#1084;. &#1090;&#1072;&#1082;&#1078;&#1077;"/>
   <l:gentext key="Seealso" text="&#1057;&#1084;. &#1090;&#1072;&#1082;&#1078;&#1077;"/>
   <l:gentext key="set" text="&#1055;&#1086;&#1076;&#1073;&#1086;&#1088;&#1082;&#1072;"/>
   <l:gentext key="Set" text="&#1055;&#1086;&#1076;&#1073;&#1086;&#1088;&#1082;&#1072;"/>
   <l:gentext key="setindex" text="&#1048;&#1085;&#1076;&#1077;&#1082;&#1089; &#1087;&#1086;&#1076;&#1073;&#1086;&#1088;&#1082;&#1080;"/>
   <l:gentext key="SetIndex" text="&#1048;&#1085;&#1076;&#1077;&#1082;&#1089; &#1087;&#1086;&#1076;&#1073;&#1086;&#1088;&#1082;&#1080;"/>
   <l:gentext key="Sidebar" text="&#1042;&#1099;&#1076;&#1077;&#1083;&#1077;&#1085;&#1080;&#1077;"/>
   <l:gentext key="sidebar" text="&#1074;&#1099;&#1076;&#1077;&#1083;&#1077;&#1085;&#1080;&#1077;"/>
   <l:gentext key="Step" text="&#1064;&#1072;&#1075;"/>
   <l:gentext key="step" text="&#1096;&#1072;&#1075;"/>
   <l:gentext key="Table" text="&#1058;&#1072;&#1073;&#1083;&#1080;&#1094;&#1072;"/>
   <l:gentext key="table" text="&#1058;&#1072;&#1073;&#1083;&#1080;&#1094;&#1072;"/>
   <l:gentext key="Table.abr" text="&#1058;&#1072;&#1073;&#1083;."/>
   <l:gentext key="table.abr" text="&#1058;&#1072;&#1073;&#1083;."/>
   <l:gentext key="tip" text="&#1055;&#1086;&#1076;&#1089;&#1082;&#1072;&#1079;&#1082;&#1072;"/>
   <l:gentext key="TIP" text="&#1055;&#1054;&#1044;&#1057;&#1050;&#1040;&#1047;&#1050;&#1040;"/>
   <l:gentext key="Tip" text="&#1055;&#1086;&#1076;&#1089;&#1082;&#1072;&#1079;&#1082;&#1072;"/>
   <l:gentext key="WARNING" text="&#1042;&#1053;&#1048;&#1052;&#1040;&#1053;&#1048;&#1045;"/>
   <l:gentext key="warning" text="&#1042;&#1085;&#1080;&#1084;&#1072;&#1085;&#1080;&#1077;"/>
   <l:gentext key="Warning" text="&#1042;&#1085;&#1080;&#1084;&#1072;&#1085;&#1080;&#1077;"/>
   <l:gentext key="and" text=""/>
   <l:gentext key="by" text=""/>
   <l:gentext key="called" text=""/>
   <l:gentext key="edited" text="&#1055;&#1086;&#1076; &#1088;&#1077;&#1076;&#1072;&#1082;&#1094;&#1080;&#1077;&#1081;"/>
   <l:gentext key="Edited" text="&#1055;&#1086;&#1076; &#1088;&#1077;&#1076;&#1072;&#1082;&#1094;&#1080;&#1077;&#1081;"/>
   <l:gentext key="Editedby" text="&#1055;&#1086;&#1076; &#1088;&#1077;&#1076;&#1072;&#1082;&#1094;&#1080;&#1077;&#1081;"/>
   <l:gentext key="editedby" text="&#1055;&#1086;&#1076; &#1088;&#1077;&#1076;&#1072;&#1082;&#1094;&#1080;&#1077;&#1081;"/>
   <l:gentext key="in" text="&#1074;"/>
   <l:gentext key="TableofContents" text="&#1057;&#1086;&#1076;&#1077;&#1088;&#1078;&#1072;&#1085;&#1080;&#1077;"/>
   <l:gentext key="tableofcontents" text="&#1057;&#1086;&#1076;&#1077;&#1088;&#1078;&#1072;&#1085;&#1080;&#1077;"/>
   <l:gentext key="lastlistcomma" text=","/>
   <l:gentext key="listcomma" text=","/>
   <l:gentext key="Notes" text="&#1055;&#1088;&#1080;&#1084;&#1077;&#1095;&#1072;&#1085;&#1080;&#1103;"/>
   <l:gentext key="notes" text="&#1055;&#1088;&#1080;&#1084;&#1077;&#1095;&#1072;&#1085;&#1080;&#1103;"/>
   <l:gentext key="TableNotes" text="&#1055;&#1088;&#1080;&#1084;&#1077;&#1095;&#1072;&#1085;&#1080;&#1103;"/>
   <l:gentext key="tablenotes" text="&#1055;&#1088;&#1080;&#1084;&#1077;&#1095;&#1072;&#1085;&#1080;&#1103;"/>
   <l:gentext key="nonexistantelement" text="non-existant element"/>
   <l:gentext key="pgs" text="&#1057;&#1090;&#1088;."/>
   <l:gentext key="Pgs" text="&#1057;&#1090;&#1088;."/>
   <l:gentext key="Revisedby" text="Revised by: "/>
   <l:gentext key="revisedby" text="Revised by: "/>
   <l:gentext key="the" text=""/>
   <l:gentext key="unexpectedelementname" text="unexpected element name"/>
   <l:gentext key="unsupported" text="unsupported"/>
   <l:gentext key="xrefto" text="xref to"/>
   <l:gentext key="listofequations" text="&#1057;&#1087;&#1080;&#1089;&#1086;&#1082; &#1092;&#1086;&#1088;&#1084;&#1091;&#1083;"/>
   <l:gentext key="ListofEquations" text="&#1057;&#1087;&#1080;&#1089;&#1086;&#1082; &#1092;&#1086;&#1088;&#1084;&#1091;&#1083;"/>
   <l:gentext key="ListofExamples" text="&#1057;&#1087;&#1080;&#1089;&#1086;&#1082; &#1087;&#1088;&#1080;&#1084;&#1077;&#1088;&#1086;&#1074;"/>
   <l:gentext key="listofexamples" text="&#1057;&#1087;&#1080;&#1089;&#1086;&#1082; &#1087;&#1088;&#1080;&#1084;&#1077;&#1088;&#1086;&#1074;"/>
   <l:gentext key="ListofFigures" text="&#1057;&#1087;&#1080;&#1089;&#1086;&#1082; &#1080;&#1083;&#1083;&#1102;&#1089;&#1090;&#1088;&#1072;&#1094;&#1080;&#1081;"/>
   <l:gentext key="listoffigures" text="&#1057;&#1087;&#1080;&#1089;&#1086;&#1082; &#1080;&#1083;&#1083;&#1102;&#1089;&#1090;&#1088;&#1072;&#1094;&#1080;&#1081;"/>
   <l:gentext key="listoftables" text="&#1057;&#1087;&#1080;&#1089;&#1086;&#1082; &#1090;&#1072;&#1073;&#1083;&#1080;&#1094;"/>
   <l:gentext key="ListofTables" text="&#1057;&#1087;&#1080;&#1089;&#1086;&#1082; &#1090;&#1072;&#1073;&#1083;&#1080;&#1094;"/>
   <l:gentext key="ListofUnknown" text="&#1053;&#1077;&#1086;&#1087;&#1088;&#1077;&#1076;&#1077;&#1083;&#1077;&#1085;&#1085;&#1099;&#1081; &#1089;&#1087;&#1080;&#1089;&#1086;&#1082;"/>
   <l:gentext key="listofunknown" text="&#1053;&#1077;&#1086;&#1087;&#1088;&#1077;&#1076;&#1077;&#1083;&#1077;&#1085;&#1085;&#1099;&#1081; &#1089;&#1087;&#1080;&#1089;&#1086;&#1082;"/>
   <l:gentext key="nav-next" text="&#1057;&#1083;&#1077;&#1076;."/>
   <l:gentext key="nav-next-sibling" text="&#1057;&#1083;&#1077;&#1076;. &#1087;&#1086;&#1076;&#1088;&#1072;&#1079;&#1076;&#1077;&#1083;"/>
   <l:gentext key="nav-prev" text="&#1055;&#1088;&#1077;&#1076;."/>
   <l:gentext key="nav-prev-sibling" text="&#1055;&#1088;&#1077;&#1076;. &#1087;&#1086;&#1076;&#1088;&#1072;&#1079;&#1076;&#1077;&#1083;"/>
   <l:gentext key="x-nav-next" text="&#1057;&#1083;&#1077;&#1076;."/>
   <l:gentext key="nav-home" text="&#1053;&#1072;&#1095;&#1072;&#1083;&#1086;"/>
   <l:gentext key="nav-up" text="&#1059;&#1088;&#1086;&#1074;&#1077;&#1085;&#1100; &#1074;&#1099;&#1096;&#1077;"/>
   <l:dingbat key="startquote" text="&#8220;"/>
   <l:dingbat key="endquote" text="&#8221;"/>
   <l:dingbat key="nestedstartquote" text="&#8216;"/>
   <l:dingbat key="nestedendquote" text="&#8217;"/>
   <l:dingbat key="bullet" text="&#8226;"/>

   <l:context name="title">
      <l:template name="abstract" text="%t"/>
      <l:template name="appendix" text="&#1055;&#1088;&#1080;&#1083;&#1086;&#1078;&#1077;&#1085;&#1080;&#1077; %n. %t"/>
      <l:template name="article" text="%t"/>
      <l:template name="authorblurb" text="%t"/>
      <l:template name="bibliodiv" text="%t"/>
      <l:template name="biblioentry" text="%t"/>
      <l:template name="bibliography" text="%t"/>
      <l:template name="bibliomixed" text="%t"/>
      <l:template name="bibliomset" text="%t"/>
      <l:template name="biblioset" text="%t"/>
      <l:template name="blockquote" text="%t"/>
      <l:template name="book" text="%t"/>
      <l:template name="calloutlist" text="%t"/>
      <l:template name="caution" text="%t"/>
      <l:template name="chapter" text="&#1043;&#1083;&#1072;&#1074;&#1072; %n. %t"/>
      <l:template name="colophon" text="%t"/>
      <l:template name="dedication" text="%t"/>
      <l:template name="equation" text="&#1060;&#1086;&#1088;&#1084;&#1091;&#1083;&#1072; %n. %t"/>
      <l:template name="example" text="&#1055;&#1088;&#1080;&#1084;&#1077;&#1088; %n. %t"/>
      <l:template name="figure" text="&#1056;&#1080;&#1089;&#1091;&#1085;&#1086;&#1082; %n. %t"/>
      <l:template name="formalpara" text="%t"/>
      <l:template name="glossary" text="%t"/>
      <l:template name="glossdiv" text="%t"/>
      <l:template name="important" text="%t"/>
      <l:template name="index" text="%t"/>
      <l:template name="indexdiv" text="%t"/>
      <l:template name="itemizedlist" text="%t"/>
      <l:template name="legalnotice" text="%t"/>
      <l:template name="listitem" text=""/>
      <l:template name="lot" text="%t"/>
      <l:template name="msg" text="%t"/>
      <l:template name="msgexplan" text="%t"/>
      <l:template name="msgmain" text="%t"/>
      <l:template name="msgrel" text="%t"/>
      <l:template name="msgset" text="%t"/>
      <l:template name="msgsub" text="%t"/>
      <l:template name="note" text="%t"/>
      <l:template name="orderedlist" text="%t"/>
      <l:template name="part" text="&#1063;&#1072;&#1089;&#1090;&#1100; %n. %t"/>
      <l:template name="partintro" text="%t"/>
      <l:template name="preface" text="%t"/>
      <l:template name="procedure" text="%t"/>
      <l:template name="qandadiv" text="%t"/>
      <l:template name="qandaset" text="%t"/>
      <l:template name="reference" text="%t"/>
      <l:template name="refsect1" text="%t"/>
      <l:template name="refsect2" text="%t"/>
      <l:template name="refsect3" text="%t"/>
      <l:template name="refsynopsisdiv" text="%t"/>
      <l:template name="refsynopsisdivinfo" text="%t"/>
      <l:template name="segmentedlist" text="%t"/>
      <l:template name="set" text="%t"/>
      <l:template name="setindex" text="%t"/>
      <l:template name="sidebar" text="%t"/>
      <l:template name="step" text="%t"/>
      <l:template name="table" text="&#1058;&#1072;&#1073;&#1083;&#1080;&#1094;&#1072; %n. %t"/>
      <l:template name="tip" text="%t"/>
      <l:template name="toc" text="%t"/>
      <l:template name="variablelist" text="%t"/>
      <l:template name="warning" text="%t"/>
   </l:context>

   <l:context name="title-unnumbered">
      <l:template name="appendix" text="%t"/>
      <l:template name="chapter" text="%t"/>
      <l:template name="sect1" text="%t"/>
      <l:template name="sect2" text="%t"/>
      <l:template name="sect3" text="%t"/>
      <l:template name="sect4" text="%t"/>
      <l:template name="sect5" text="%t"/>
      <l:template name="section" text="%t"/>
      <l:template name="simplesect" text="%t"/>
   </l:context>

   <l:context name="title-numbered">
      <l:template name="appendix" text="&#1055;&#1088;&#1080;&#1083;&#1086;&#1078;&#1077;&#1085;&#1080;&#1077; %n. %t"/>
      <l:template name="chapter" text="&#1043;&#1083;&#1072;&#1074;&#1072; %n. %t"/>
      <l:template name="sect1" text="%n. %t"/>
      <l:template name="sect2" text="%n. %t"/>
      <l:template name="sect3" text="%n. %t"/>
      <l:template name="sect4" text="%n. %t"/>
      <l:template name="sect5" text="%n. %t"/>
      <l:template name="section" text="%n. %t"/>
      <l:template name="simplesect" text="%n. %t"/>
   </l:context>

   <l:context name="subtitle">
      <l:template name="appendix" text="%s"/>
      <l:template name="article" text="%s"/>
      <l:template name="bibliodiv" text="%s"/>
      <l:template name="biblioentry" text="%s"/>
      <l:template name="bibliography" text="%s"/>
      <l:template name="bibliomixed" text="%s"/>
      <l:template name="bibliomset" text="%s"/>
      <l:template name="biblioset" text="%s"/>
      <l:template name="book" text="%s"/>
      <l:template name="chapter" text="%s"/>
      <l:template name="colophon" text="%s"/>
      <l:template name="dedication" text="%s"/>
      <l:template name="glossary" text="%s"/>
      <l:template name="glossdiv" text="%s"/>
      <l:template name="index" text="%s"/>
      <l:template name="indexdiv" text="%s"/>
      <l:template name="lot" text="%s"/>
      <l:template name="part" text="%s"/>
      <l:template name="partintro" text="%s"/>
      <l:template name="preface" text="%s"/>
      <l:template name="refentry" text="%s"/>
      <l:template name="reference" text="%s"/>
      <l:template name="refsect1" text="%s"/>
      <l:template name="refsect2" text="%s"/>
      <l:template name="refsect3" text="%s"/>
      <l:template name="refsynopsisdiv" text="%s"/>
      <l:template name="sect1" text="%s"/>
      <l:template name="sect2" text="%s"/>
      <l:template name="sect3" text="%s"/>
      <l:template name="sect4" text="%s"/>
      <l:template name="sect5" text="%s"/>
      <l:template name="section" text="%s"/>
      <l:template name="set" text="%s"/>
      <l:template name="setindex" text="%s"/>
      <l:template name="sidebar" text="%s"/>
      <l:template name="simplesect" text="%s"/>
      <l:template name="toc" text="%s"/>
   </l:context>

   <l:context name="xref">
      <l:template name="appendix" text="&#1055;&#1088;&#1080;&#1083;&#1086;&#1078;&#1077;&#1085;&#1080;&#1077; %n. %t"/>
      <l:template name="article" text="%t"/>
      <l:template name="bibliography" text="%t"/>
      <l:template name="book" text="%t"/>
      <l:template name="chapter" text="&#1043;&#1083;&#1072;&#1074;&#1072; %n. %t"/>
      <l:template name="colophon" text="%t"/>
      <l:template name="dedication" text="%t"/>
      <l:template name="example" text="&#1055;&#1088;&#1080;&#1084;&#1077;&#1088; %n. %t"/>
      <l:template name="figure" text="&#1056;&#1080;&#1089;&#1091;&#1085;&#1086;&#1082; %n. %t"/>
      <l:template name="glossary" text="%t"/>
      <l:template name="index" text="%t"/>
      <l:template name="listitem" text="%n"/>
      <l:template name="part" text="&#1063;&#1072;&#1089;&#1090;&#1100; %n. %t"/>
      <l:template name="preface" text="%t"/>
      <l:template name="reference" text="%t"/>
      <l:template name="set" text="%t"/>
      <l:template name="setindex" text="%t"/>
      <l:template name="table" text="&#1058;&#1072;&#1073;&#1083;&#1080;&#1094;&#1072; %n. %t"/>
   </l:context>

   <l:context name="section-xref">
      <l:template name="sect1" text="&#8220;%t&#8221;"/>
      <l:template name="sect2" text="&#8220;%t&#8221;"/>
      <l:template name="sect3" text="&#8220;%t&#8221;"/>
      <l:template name="sect4" text="&#8220;%t&#8221;"/>
      <l:template name="sect5" text="&#8220;%t&#8221;"/>
      <l:template name="section" text="&#8220;%t&#8221;"/>
      <l:template name="simplesect" text="&#8220;%t&#8221;"/>
   </l:context>

   <l:context name="section-xref-numbered">
      <l:template name="sect1" text="&#1056;&#1072;&#1079;&#1076;&#1077;&#1083; %n"/>
      <l:template name="sect2" text="&#1056;&#1072;&#1079;&#1076;&#1077;&#1083; %n"/>
      <l:template name="sect3" text="&#1056;&#1072;&#1079;&#1076;&#1077;&#1083; %n"/>
      <l:template name="sect4" text="&#1056;&#1072;&#1079;&#1076;&#1077;&#1083; %n"/>
      <l:template name="sect5" text="&#1056;&#1072;&#1079;&#1076;&#1077;&#1083; %n"/>
      <l:template name="section" text="&#1056;&#1072;&#1079;&#1076;&#1077;&#1083; %n"/>
      <l:template name="simplesect" text="&#8220;%t&#8221;"/>
   </l:context>

   <l:context name="authorgroup">
      <l:template name="sep" text=", "/>
      <l:template name="sep2" text="  "/>
      <l:template name="seplast" text=",  "/>
   </l:context>

   <l:context name="glossary">
      <l:template name="see" text="See "/>
      <l:template name="seealso" text="See Also "/>
   </l:context>

   <l:context name="msgset">
      <l:template name="MsgAud" text="Audience: "/>
      <l:template name="MsgLevel" text="Level: "/>
      <l:template name="MsgOrig" text="Origin: "/>
   </l:context>
</l:l10n>
