<?xml version="1.0" encoding="US-ASCII"?>
<l:l10n xmlns:l="http://docbook.sourceforge.net/xmlns/l10n/1.0" language="sr">

<!-- This file is generated automatically. -->
<!-- Do not edit this file by hand! -->
<!-- See http://docbook.sourceforge.net/ -->
<!-- To update this file: edit the corresponding document at -->
<!-- http://cvs.sourceforge.net/cgi-bin/viewcvs.cgi/docbook/gentext/locale/ -->

   <l:gentext key="Abstract" text="Pregled"/>
   <l:gentext key="abstract" text="Pregled"/>
   <l:gentext key="Answer" text="O:"/>
   <l:gentext key="answer" text="O:"/>
   <l:gentext key="Appendix" text="Dodatak"/>
   <l:gentext key="appendix" text="dodatak"/>
   <l:gentext key="Article" text="&#268;lanak"/>
   <l:gentext key="article" text="&#268;lanak"/>
   <l:gentext key="Bibliography" text="Literatura"/>
   <l:gentext key="bibliography" text="Literatura"/>
   <l:gentext key="Book" text="Knjiga"/>
   <l:gentext key="book" text="Knjiga"/>
   <l:gentext key="Caution" text="Upozorenje"/>
   <l:gentext key="caution" text="Upozorenje"/>
   <l:gentext key="CAUTION" text="UPOZORENJE"/>
   <l:gentext key="Chapter" text="Poglavlje"/>
   <l:gentext key="chapter" text="poglavlje"/>
   <l:gentext key="Colophon" text="Kolofon"/>
   <l:gentext key="colophon" text="Kolofon"/>
   <l:gentext key="Copyright" text="Pravna za&#353;tita"/>
   <l:gentext key="copyright" text="Pravna za&#353;tita"/>
   <l:gentext key="Dedication" text="Posveta"/>
   <l:gentext key="dedication" text="Posveta"/>
   <l:gentext key="Edition" text="Izdanje"/>
   <l:gentext key="edition" text="Izdanje"/>
   <l:gentext key="Equation" text="Jedna&#269;ina"/>
   <l:gentext key="equation" text="Jedna&#269;ina"/>
   <l:gentext key="Example" text="Primer"/>
   <l:gentext key="example" text="Primer"/>
   <l:gentext key="Figure" text="Slika"/>
   <l:gentext key="figure" text="Slika"/>
   <l:gentext key="Glossary" text="Re&#269;nik"/>
   <l:gentext key="glossary" text="Re&#269;nik"/>
   <l:gentext key="GlossSee" text="Vidi"/>
   <l:gentext key="glosssee" text="Vidi"/>
   <l:gentext key="GlossSeeAlso" text="Vidi tako&#273;e"/>
   <l:gentext key="glossseealso" text="Vidi tako&#273;e"/>
   <l:gentext key="IMPORTANT" text="VA&#381;NO"/>
   <l:gentext key="Important" text="Va&#382;no"/>
   <l:gentext key="important" text="Va&#382;no"/>
   <l:gentext key="Index" text="Indeks"/>
   <l:gentext key="index" text="Indeks"/>
   <l:gentext key="ISBN" text="ISBN"/>
   <l:gentext key="isbn" text="ISBN"/>
   <l:gentext key="LegalNotice" text="Pravno obave&#353;tenje"/>
   <l:gentext key="legalnotice" text="Pravno obave&#353;tenje"/>
   <l:gentext key="MsgAud" text="MsgAud"/>
   <l:gentext key="msgaud" text="MsgAud"/>
   <l:gentext key="MsgLevel" text="Nivo"/>
   <l:gentext key="msglevel" text="Nivo"/>
   <l:gentext key="MsgOrig" text="Izvor"/>
   <l:gentext key="msgorig" text="Izvor"/>
   <l:gentext key="note" text="Primedba"/>
   <l:gentext key="NOTE" text="PRIMEDBA"/>
   <l:gentext key="Note" text="Primedba"/>
   <l:gentext key="Part" text="Deo"/>
   <l:gentext key="part" text="Deo"/>
   <l:gentext key="Preface" text="Predgovor"/>
   <l:gentext key="preface" text="Predgovor"/>
   <l:gentext key="Procedure" text="Postupak"/>
   <l:gentext key="procedure" text="Postupak"/>
   <l:gentext key="Published" text="Izdato"/>
   <l:gentext key="published" text="Izdato"/>
   <l:gentext key="Question" text="P:"/>
   <l:gentext key="question" text="P:"/>
   <l:gentext key="RefEntry" text=""/>
   <l:gentext key="refentry" text=""/>
   <l:gentext key="Reference" text="Referenca"/>
   <l:gentext key="reference" text="Referenca"/>
   <l:gentext key="RefName" text="Ime"/>
   <l:gentext key="refname" text="Ime"/>
   <l:gentext key="RefSection" text=""/>
   <l:gentext key="refsection" text=""/>
   <l:gentext key="RefSynopsisDiv" text="Sinopsis"/>
   <l:gentext key="refsynopsisdiv" text="Sinopsis"/>
   <l:gentext key="RevHistory" text="Istorija revizija"/>
   <l:gentext key="revhistory" text="Istorija revizija"/>
   <l:gentext key="Revision" text="Revizija"/>
   <l:gentext key="revision" text="Revizija"/>
   <l:gentext key="Section" text="Odeljak"/>
   <l:gentext key="section" text="sekcija"/>
   <l:gentext key="see" text="vidi"/>
   <l:gentext key="See" text="vidi"/>
   <l:gentext key="Seealso" text="Vidi tako&#273;e"/>
   <l:gentext key="seealso" text="vidi tako&#273;e"/>
   <l:gentext key="SeeAlso" text="vidi tako&#273;e"/>
   <l:gentext key="set" text="Postavi"/>
   <l:gentext key="Set" text="Postavi"/>
   <l:gentext key="SetIndex" text="Postavi indeks"/>
   <l:gentext key="setindex" text="Postavi indeks"/>
   <l:gentext key="Sidebar" text=""/>
   <l:gentext key="sidebar" text="sidebar"/>
   <l:gentext key="step" text="korak"/>
   <l:gentext key="Step" text="Korak"/>
   <l:gentext key="table" text="Tabela"/>
   <l:gentext key="Table" text="Tabela"/>
   <l:gentext key="TIP" text="SAVET"/>
   <l:gentext key="Tip" text="Savet"/>
   <l:gentext key="tip" text="Savet"/>
   <l:gentext key="WARNING" text="UPOZORENJE"/>
   <l:gentext key="Warning" text="Upozorenje"/>
   <l:gentext key="warning" text="Upozorenje"/>
   <l:gentext key="and" text="i"/>
   <l:gentext key="by" text="od"/>
   <l:gentext key="Edited" text="Ure&#273;eno"/>
   <l:gentext key="edited" text="Ure&#273;eno"/>
   <l:gentext key="Editedby" text="Ure&#273;eno od"/>
   <l:gentext key="editedby" text="Ure&#273;eno od"/>
   <l:gentext key="in" text="u"/>
   <l:gentext key="lastlistcomma" text=","/>
   <l:gentext key="listcomma" text=","/>
   <l:gentext key="nonexistantelement" text="nepostoje&#263;i element"/>
   <l:gentext key="notes" text="Notes"/>
   <l:gentext key="Notes" text="Notes"/>
   <l:gentext key="Pgs" text="Str."/>
   <l:gentext key="pgs" text="Str."/>
   <l:gentext key="Revisedby" text="Revised by: "/>
   <l:gentext key="revisedby" text="Revised by: "/>
   <l:gentext key="TableNotes" text="Notes"/>
   <l:gentext key="tablenotes" text="Notes"/>
   <l:gentext key="TableofContents" text="Sadr&#382;aj"/>
   <l:gentext key="tableofcontents" text="Sadr&#382;aj"/>
   <l:gentext key="unexpectedelementname" text="Neo&#269;ekivano ime elementa"/>
   <l:gentext key="unsupported" text="nepodr&#382;ano"/>
   <l:gentext key="xrefto" text="xref na"/>
   <l:gentext key="listofequations" text="Spisak jedna&#269;ina"/>
   <l:gentext key="ListofEquations" text="Spisak jedna&#269;ina"/>
   <l:gentext key="ListofExamples" text="Spisak primera"/>
   <l:gentext key="listofexamples" text="Spisak primera"/>
   <l:gentext key="ListofFigures" text="Spisak slika"/>
   <l:gentext key="listoffigures" text="Spisak slika"/>
   <l:gentext key="listoftables" text="Spisak tabela"/>
   <l:gentext key="ListofTables" text="Spisak tabela"/>
   <l:gentext key="ListofUnknown" text="Spisak nepoznanica"/>
   <l:gentext key="listofunknown" text="Spisak nepoznanica"/>
   <l:gentext key="nav-home" text="Ku&#263;i"/>
   <l:gentext key="nav-next" text="Napred"/>
   <l:gentext key="nav-next-sibling" text="Brzo napred"/>
   <l:gentext key="nav-prev" text="Nazad"/>
   <l:gentext key="nav-prev-sibling" text="Brzo nazad"/>
   <l:gentext key="nav-up" text="Gore"/>
   <l:dingbat key="startquote" text="&#8220;"/>
   <l:dingbat key="endquote" text="&#8221;"/>
   <l:dingbat key="nestedstartquote" text="&#8216;"/>
   <l:dingbat key="nestedendquote" text="&#8217;"/>
   <l:dingbat key="bullet" text="&#8226;"/>

   <l:context name="title">
      <l:template name="abstract" text="%t"/>
      <l:template name="appendix" text="Dodatak %n. %t"/>
      <l:template name="article" text="%t"/>
      <l:template name="authorblurb" text="%t"/>
      <l:template name="bibliodiv" text="%t"/>
      <l:template name="biblioentry" text="%t"/>
      <l:template name="bibliography" text="%t"/>
      <l:template name="bibliomixed" text="%t"/>
      <l:template name="bibliomset" text="%t"/>
      <l:template name="biblioset" text="%t"/>
      <l:template name="blockquote" text="%t"/>
      <l:template name="book" text="%t"/>
      <l:template name="calloutlist" text="%t"/>
      <l:template name="caution" text="%t"/>
      <l:template name="chapter" text="Poglavlje %n. %t"/>
      <l:template name="colophon" text="%t"/>
      <l:template name="dedication" text="%t"/>
      <l:template name="equation" text="Jedna&#269;ina %n. %t"/>
      <l:template name="example" text="Primer %n. %t"/>
      <l:template name="figure" text="Slika %n. %t"/>
      <l:template name="formalpara" text="%t"/>
      <l:template name="glossary" text="%t"/>
      <l:template name="glossdiv" text="%t"/>
      <l:template name="important" text="%t"/>
      <l:template name="index" text="%t"/>
      <l:template name="indexdiv" text="%t"/>
      <l:template name="itemizedlist" text="%t"/>
      <l:template name="legalnotice" text="%t"/>
      <l:template name="listitem" text=""/>
      <l:template name="lot" text="%t"/>
      <l:template name="msg" text="%t"/>
      <l:template name="msgexplan" text="%t"/>
      <l:template name="msgmain" text="%t"/>
      <l:template name="msgrel" text="%t"/>
      <l:template name="msgset" text="%t"/>
      <l:template name="msgsub" text="%t"/>
      <l:template name="note" text="%t"/>
      <l:template name="orderedlist" text="%t"/>
      <l:template name="part" text="Deo %n. %t"/>
      <l:template name="partintro" text="%t"/>
      <l:template name="preface" text="%t"/>
      <l:template name="procedure" text="%t"/>
      <l:template name="qandadiv" text="%t"/>
      <l:template name="qandaset" text="%t"/>
      <l:template name="reference" text="%t"/>
      <l:template name="refsect1" text="%t"/>
      <l:template name="refsect2" text="%t"/>
      <l:template name="refsect3" text="%t"/>
      <l:template name="refsynopsisdiv" text="%t"/>
      <l:template name="refsynopsisdivinfo" text="%t"/>
      <l:template name="segmentedlist" text="%t"/>
      <l:template name="set" text="%t"/>
      <l:template name="setindex" text="%t"/>
      <l:template name="sidebar" text="%t"/>
      <l:template name="step" text="%t"/>
      <l:template name="table" text="Tabela %n. %t"/>
      <l:template name="tip" text="%t"/>
      <l:template name="toc" text="%t"/>
      <l:template name="variablelist" text="%t"/>
      <l:template name="warning" text="%t"/>
   </l:context>

   <l:context name="title-unnumbered">
      <l:template name="appendix" text="%t"/>
      <l:template name="chapter" text="%t"/>
      <l:template name="sect1" text="%t"/>
      <l:template name="sect2" text="%t"/>
      <l:template name="sect3" text="%t"/>
      <l:template name="sect4" text="%t"/>
      <l:template name="sect5" text="%t"/>
      <l:template name="section" text="%t"/>
      <l:template name="simplesect" text="%t"/>
   </l:context>

   <l:context name="title-numbered">
      <l:template name="appendix" text="Dodatak %n. %t"/>
      <l:template name="chapter" text="Poglavlje %n. %t"/>
      <l:template name="sect1" text="%n. %t"/>
      <l:template name="sect2" text="%n. %t"/>
      <l:template name="sect3" text="%n. %t"/>
      <l:template name="sect4" text="%n. %t"/>
      <l:template name="sect5" text="%n. %t"/>
      <l:template name="section" text="%n. %t"/>
      <l:template name="simplesect" text="%n. %t"/>
   </l:context>

   <l:context name="subtitle">
      <l:template name="appendix" text="%s"/>
      <l:template name="article" text="%s"/>
      <l:template name="bibliodiv" text="%s"/>
      <l:template name="biblioentry" text="%s"/>
      <l:template name="bibliography" text="%s"/>
      <l:template name="bibliomixed" text="%s"/>
      <l:template name="bibliomset" text="%s"/>
      <l:template name="biblioset" text="%s"/>
      <l:template name="book" text="%s"/>
      <l:template name="chapter" text="%s"/>
      <l:template name="colophon" text="%s"/>
      <l:template name="dedication" text="%s"/>
      <l:template name="glossary" text="%s"/>
      <l:template name="glossdiv" text="%s"/>
      <l:template name="index" text="%s"/>
      <l:template name="indexdiv" text="%s"/>
      <l:template name="lot" text="%s"/>
      <l:template name="part" text="%s"/>
      <l:template name="partintro" text="%s"/>
      <l:template name="preface" text="%s"/>
      <l:template name="refentry" text="%s"/>
      <l:template name="reference" text="%s"/>
      <l:template name="refsect1" text="%s"/>
      <l:template name="refsect2" text="%s"/>
      <l:template name="refsect3" text="%s"/>
      <l:template name="refsynopsisdiv" text="%s"/>
      <l:template name="sect1" text="%s"/>
      <l:template name="sect2" text="%s"/>
      <l:template name="sect3" text="%s"/>
      <l:template name="sect4" text="%s"/>
      <l:template name="sect5" text="%s"/>
      <l:template name="section" text="%s"/>
      <l:template name="set" text="%s"/>
      <l:template name="setindex" text="%s"/>
      <l:template name="sidebar" text="%s"/>
      <l:template name="simplesect" text="%s"/>
      <l:template name="toc" text="%s"/>
   </l:context>

   <l:context name="xref">
      <l:template name="appendix" text="Dodatak %n. %t"/>
      <l:template name="article" text="%t"/>
      <l:template name="bibliography" text="%t"/>
      <l:template name="book" text="%t"/>
      <l:template name="chapter" text="Poglavlje %n. %t"/>
      <l:template name="colophon" text="%t"/>
      <l:template name="dedication" text="%t"/>
      <l:template name="example" text="Primer %n. %t"/>
      <l:template name="figure" text="Slika %n. %t"/>
      <l:template name="glossary" text="%t"/>
      <l:template name="index" text="%t"/>
      <l:template name="listitem" text="%n"/>
      <l:template name="part" text="Deo %n. %t"/>
      <l:template name="preface" text="%t"/>
      <l:template name="reference" text="%t"/>
      <l:template name="set" text="%t"/>
      <l:template name="setindex" text="%t"/>
      <l:template name="table" text="Tabela %n. %t"/>
   </l:context>

   <l:context name="section-xref">
      <l:template name="sect1" text="&#8220;%t&#8221;"/>
      <l:template name="sect2" text="&#8220;%t&#8221;"/>
      <l:template name="sect3" text="&#8220;%t&#8221;"/>
      <l:template name="sect4" text="&#8220;%t&#8221;"/>
      <l:template name="sect5" text="&#8220;%t&#8221;"/>
      <l:template name="section" text="&#8220;%t&#8221;"/>
      <l:template name="simplesect" text="&#8220;%t&#8221;"/>
   </l:context>

   <l:context name="section-xref-numbered">
      <l:template name="sect1" text="Odeljak %n"/>
      <l:template name="sect2" text="Odeljak %n"/>
      <l:template name="sect3" text="Odeljak %n"/>
      <l:template name="sect4" text="Odeljak %n"/>
      <l:template name="sect5" text="Odeljak %n"/>
      <l:template name="section" text="Odeljak %n"/>
      <l:template name="simplesect" text="&#8220;%t&#8221;"/>
   </l:context>

   <l:context name="authorgroup">
      <l:template name="sep" text=", "/>
      <l:template name="sep2" text=" i "/>
      <l:template name="seplast" text=", i "/>
   </l:context>

   <l:context name="glossary">
      <l:template name="see" text="Vidi "/>
      <l:template name="seealso" text="Vidi tako&#273;e "/>
   </l:context>

   <l:context name="msgset">
      <l:template name="MsgAud" text="MsgAud: "/>
      <l:template name="MsgLevel" text="Nivo: "/>
      <l:template name="MsgOrig" text="Izvor: "/>
   </l:context>
</l:l10n>
